Workbook

Sheet 보호소별
A1: 순위 | B1: 시도 | C1: 관할 기관 | D1: 보호소 | E1: 등록번호 | F1: 보호 종료(입양+안락사+자연사+기증) | G1: 입양 | H1: 안락사 | I1: 자연사 | J1: 기증 | K1: 입양률 | L1: 안락사 비율 | M1: 자연사 비율 | N1: 반환(참고) | O1: 보호중(참고) | P1: 비고
A2: =RANK(K2,$K$2:$K$454) | B2: 서울특별시 | C2: 서울특별시 서초구 | D2: 서초동물사랑센터 | E2: 311321201800002 | F2: =SUM(G2:J2) | G2: 78 | H2: 0 | I2: 0 | J2: 0 | K2: =G2/F2 | L2: =H2/F2 | M2: =I2/F2 | N2: 36 | O2: 2 | P2: =IF(F2<100,"종료 100마리 미만","")
A3: =RANK(K3,$K$2:$K$454) | B3: 서울특별시 | C3: 서울특별시 용산구 | D3: 열린동물병원 | E3: 311302201000006 | F3: =SUM(G3:J3) | G3: 18 | H3: 0 | I3: 0 | J3: 0 | K3: =G3/F3 | L3: =H3/F3 | M3: =I3/F3 | N3: 52 | O3: 0 | P3: =IF(F3<100,"종료 100마리 미만","")
A4: =RANK(K4,$K$2:$K$454) | B4: 서울특별시 | C4: 서울특별시 마포구 | D4: 웰케어 동물병원 | E4: 311313201300003 | F4: =SUM(G4:J4) | G4: 13 | H4: 0 | I4: 0 | J4: 0 | K4: =G4/F4 | L4: =H4/F4 | M4: =I4/F4 | N4: 18 | O4: 0 | P4: =IF(F4<100,"종료 100마리 미만","")
A5: =RANK(K5,$K$2:$K$454) | B5: 경상북도 | C5: 경상북도 영덕군 | D5: 영덕반려동물입양센터 | E5: 347518202500001 | F5: =SUM(G5:J5) | G5: 11 | H5: 0 | I5: 0 | J5: 0 | K5: =G5/F5 | L5: =H5/F5 | M5: =I5/F5 | N5: 0 | O5: 1 | P5: =IF(F5<100,"종료 100마리 미만","")
A6: =RANK(K6,$K$2:$K$454) | B6: 서울특별시 | C6: 서울특별시 용산구 | D6: 이태원동물병원 | E6: 311302201000005 | F6: =SUM(G6:J6) | G6: 9 | H6: 0 | I6: 0 | J6: 0 | K6: =G6/F6 | L6: =H6/F6 | M6: =I6/F6 | N6: 30 | O6: 0 | P6: =IF(F6<100,"종료 100마리 미만","")
A7: =RANK(K7,$K$2:$K$454) | B7: 울산광역시 | C7: 울산광역시 울주군 | D7: MK동물병원 | E7: 331373201600008 | F7: =SUM(G7:J7) | G7: 7 | H7: 0 | I7: 0 | J7: 0 | K7: =G7/F7 | L7: =H7/F7 | M7: =I7/F7 | N7: 2 | O7: 0 | P7: =IF(F7<100,"종료 100마리 미만","")
A8: =RANK(K8,$K$2:$K$454) | B8: 울산광역시 | C8: 울산광역시 북구 | D8: 쿨펫 홈플러스 북구점 | E8: 331372202000002 | F8: =SUM(G8:J8) | G8: 6 | H8: 0 | I8: 0 | J8: 0 | K8: =G8/F8 | L8: =H8/F8 | M8: =I8/F8 | N8: 1 | O8: 1 | P8: =IF(F8<100,"종료 100마리 미만","")
A9: =RANK(K9,$K$2:$K$454) | B9: 대구광역시 | C9: 대구광역시 수성구 | D9: 감자동물병원 | E9: 327346202100001 | F9: =SUM(G9:J9) | G9: 5 | H9: 0 | I9: 0 | J9: 0 | K9: =G9/F9 | L9: =H9/F9 | M9: =I9/F9 | N9: 2 | O9: 0 | P9: =IF(F9<100,"종료 100마리 미만","")
A10: =RANK(K10,$K$2:$K$454) | B10: 울산광역시 | C10: 울산광역시 울주군 | D10: 범서조은동물병원 | E10: 331373201600001 | F10: =SUM(G10:J10) | G10: 5 | H10: 0 | I10: 0 | J10: 0 | K10: =G10/F10 | L10: =H10/F10 | M10: =I10/F10 | N10: 1 | O10: 0 | P10: =IF(F10<100,"종료 100마리 미만","")
A11: =RANK(K11,$K$2:$K$454) | B11: 서울특별시 | C11: 서울특별시 용산구 | D11: 펫토이동물병원 | E11: 311302201000012 | F11: =SUM(G11:J11) | G11: 4 | H11: 0 | I11: 0 | J11: 0 | K11: =G11/F11 | L11: =H11/F11 | M11: =I11/F11 | N11: 21 | O11: 1 | P11: =IF(F11<100,"종료 100마리 미만","")
A12: =RANK(K12,$K$2:$K$454) | B12: 서울특별시 | C12: 서울특별시 용산구 | D12: 이상윤동물병원 | E12: 311302201000014 | F12: =SUM(G12:J12) | G12: 4 | H12: 0 | I12: 0 | J12: 0 | K12: =G12/F12 | L12: =H12/F12 | M12: =I12/F12 | N12: 4 | O12: 0 | P12: =IF(F12<100,"종료 100마리 미만","")
A13: =RANK(K13,$K$2:$K$454) | B13: 대구광역시 | C13: 대구광역시 중구 | D13: 대구시수의사회(원) | E13: 327341201900001 | F13: =SUM(G13:J13) | G13: 4 | H13: 0 | I13: 0 | J13: 0 | K13: =G13/F13 | L13: =H13/F13 | M13: =I13/F13 | N13: 3 | O13: 0 | P13: =IF(F13<100,"종료 100마리 미만","")
... A454: =RANK(K454,$K$2:$K$454) | B454: 경상북도 | C454: 경상북도 청송군 | D454: 청송동물병원 | E454: 347516202300001 | F454: =SUM(G454:J454) | G454: 0 | H454: 1 | I454: 0 | J454: 0 | K454: =G454/F454 | L454: =H454/F454 | M454: =I454/F454 | N454: 0 | O454: 0 | P454: =IF(F454<100,"종료 100마리 미만","")
B455: 전체 | D455: 453곳 | F455: =SUM(F2:F454) | G455: =SUM(G2:G454) | H455: =SUM(H2:H454) | I455: =SUM(I2:I454) | J455: =SUM(J2:J454) | K455: =G455/F455 | L455: =H455/F455 | M455: =I455/F455 | N455: =SUM(N2:N454) | O455: =SUM(O2:O454)

Sheet 시도별
A1: 시도 | B1: 보호소 수 | C1: 보호 종료 | D1: 입양 | E1: 안락사 | F1: 자연사 | G1: 기증 | H1: 입양률 | I1: 안락사 비율
A2: 대전광역시 | B2: =COUNTIF(보호소별!$B$2:$B$454,A2) | C2: =SUMIFS(보호소별!$F$2:$F$454,보호소별!$B$2:$B$454,A2) | D2: =SUMIFS(보호소별!$G$2:$G$454,보호소별!$B$2:$B$454,A2) | E2: =SUMIFS(보호소별!$H$2:$H$454,보호소별!$B$2:$B$454,A2) | F2: =SUMIFS(보호소별!$I$2:$I$454,보호소별!$B$2:$B$454,A2) | G2: =SUMIFS(보호소별!$J$2:$J$454,보호소별!$B$2:$B$454,A2) | H2: =D2/C2 | I2: =E2/C2
A3: 서울특별시 | B3: =COUNTIF(보호소별!$B$2:$B$454,A3) | C3: =SUMIFS(보호소별!$F$2:$F$454,보호소별!$B$2:$B$454,A3) | D3: =SUMIFS(보호소별!$G$2:$G$454,보호소별!$B$2:$B$454,A3) | E3: =SUMIFS(보호소별!$H$2:$H$454,보호소별!$B$2:$B$454,A3) | F3: =SUMIFS(보호소별!$I$2:$I$454,보호소별!$B$2:$B$454,A3) | G3: =SUMIFS(보호소별!$J$2:$J$454,보호소별!$B$2:$B$454,A3) | H3: =D3/C3 | I3: =E3/C3
A4: 경상북도 | B4: =COUNTIF(보호소별!$B$2:$B$454,A4) | C4: =SUMIFS(보호소별!$F$2:$F$454,보호소별!$B$2:$B$454,A4) | D4: =SUMIFS(보호소별!$G$2:$G$454,보호소별!$B$2:$B$454,A4) | E4: =SUMIFS(보호소별!$H$2:$H$454,보호소별!$B$2:$B$454,A4) | F4: =SUMIFS(보호소별!$I$2:$I$454,보호소별!$B$2:$B$454,A4) | G4: =SUMIFS(보호소별!$J$2:$J$454,보호소별!$B$2:$B$454,A4) | H4: =D4/C4 | I4: =E4/C4
A5: 인천광역시 | B5: =COUNTIF(보호소별!$B$2:$B$454,A5) | C5: =SUMIFS(보호소별!$F$2:$F$454,보호소별!$B$2:$B$454,A5) | D5: =SUMIFS(보호소별!$G$2:$G$454,보호소별!$B$2:$B$454,A5) | E5: =SUMIFS(보호소별!$H$2:$H$454,보호소별!$B$2:$B$454,A5) | F5: =SUMIFS(보호소별!$I$2:$I$454,보호소별!$B$2:$B$454,A5) | G5: =SUMIFS(보호소별!$J$2:$J$454,보호소별!$B$2:$B$454,A5) | H5: =D5/C5 | I5: =E5/C5
A6: 전북특별자치도 | B6: =COUNTIF(보호소별!$B$2:$B$454,A6) | C6: =SUMIFS(보호소별!$F$2:$F$454,보호소별!$B$2:$B$454,A6) | D6: =SUMIFS(보호소별!$G$2:$G$454,보호소별!$B$2:$B$454,A6) | E6: =SUMIFS(보호소별!$H$2:$H$454,보호소별!$B$2:$B$454,A6) | F6: =SUMIFS(보호소별!$I$2:$I$454,보호소별!$B$2:$B$454,A6) | G6: =SUMIFS(보호소별!$J$2:$J$454,보호소별!$B$2:$B$454,A6) | H6: =D6/C6 | I6: =E6/C6
A7: 대구광역시 | B7: =COUNTIF(보호소별!$B$2:$B$454,A7) | C7: =SUMIFS(보호소별!$F$2:$F$454,보호소별!$B$2:$B$454,A7) | D7: =SUMIFS(보호소별!$G$2:$G$454,보호소별!$B$2:$B$454,A7) | E7: =SUMIFS(보호소별!$H$2:$H$454,보호소별!$B$2:$B$454,A7) | F7: =SUMIFS(보호소별!$I$2:$I$454,보호소별!$B$2:$B$454,A7) | G7: =SUMIFS(보호소별!$J$2:$J$454,보호소별!$B$2:$B$454,A7) | H7: =D7/C7 | I7: =E7/C7
A8: 충청북도 | B8: =COUNTIF(보호소별!$B$2:$B$454,A8) | C8: =SUMIFS(보호소별!$F$2:$F$454,보호소별!$B$2:$B$454,A8) | D8: =SUMIFS(보호소별!$G$2:$G$454,보호소별!$B$2:$B$454,A8) | E8: =SUMIFS(보호소별!$H$2:$H$454,보호소별!$B$2:$B$454,A8) | F8: =SUMIFS(보호소별!$I$2:$I$454,보호소별!$B$2:$B$454,A8) | G8: =SUMIFS(보호소별!$J$2:$J$454,보호소별!$B$2:$B$454,A8) | H8: =D8/C8 | I8: =E8/C8
A9: 강원특별자치도 | B9: =COUNTIF(보호소별!$B$2:$B$454,A9) | C9: =SUMIFS(보호소별!$F$2:$F$454,보호소별!$B$2:$B$454,A9) | D9: =SUMIFS(보호소별!$G$2:$G$454,보호소별!$B$2:$B$454,A9) | E9: =SUMIFS(보호소별!$H$2:$H$454,보호소별!$B$2:$B$454,A9) | F9: =SUMIFS(보호소별!$I$2:$I$454,보호소별!$B$2:$B$454,A9) | G9: =SUMIFS(보호소별!$J$2:$J$454,보호소별!$B$2:$B$454,A9) | H9: =D9/C9 | I9: =E9/C9
A10: 부산광역시 | B10: =COUNTIF(보호소별!$B$2:$B$454,A10) | C10: =SUMIFS(보호소별!$F$2:$F$454,보호소별!$B$2:$B$454,A10) | D10: =SUMIFS(보호소별!$G$2:$G$454,보호소별!$B$2:$B$454,A10) | E10: =SUMIFS(보호소별!$H$2:$H$454,보호소별!$B$2:$B$454,A10) | F10: =SUMIFS(보호소별!$I$2:$I$454,보호소별!$B$2:$B$454,A10) | G10: =SUMIFS(보호소별!$J$2:$J$454,보호소별!$B$2:$B$454,A10) | H10: =D10/C10 | I10: =E10/C10
A11: 충청남도 | B11: =COUNTIF(보호소별!$B$2:$B$454,A11) | C11: =SUMIFS(보호소별!$F$2:$F$454,보호소별!$B$2:$B$454,A11) | D11: =SUMIFS(보호소별!$G$2:$G$454,보호소별!$B$2:$B$454,A11) | E11: =SUMIFS(보호소별!$H$2:$H$454,보호소별!$B$2:$B$454,A11) | F11: =SUMIFS(보호소별!$I$2:$I$454,보호소별!$B$2:$B$454,A11) | G11: =SUMIFS(보호소별!$J$2:$J$454,보호소별!$B$2:$B$454,A11) | H11: =D11/C11 | I11: =E11/C11
A12: 세종특별자치시 | B12: =COUNTIF(보호소별!$B$2:$B$454,A12) | C12: =SUMIFS(보호소별!$F$2:$F$454,보호소별!$B$2:$B$454,A12) | D12: =SUMIFS(보호소별!$G$2:$G$454,보호소별!$B$2:$B$454,A12) | E12: =SUMIFS(보호소별!$H$2:$H$454,보호소별!$B$2:$B$454,A12) | F12: =SUMIFS(보호소별!$I$2:$I$454,보호소별!$B$2:$B$454,A12) | G12: =SUMIFS(보호소별!$J$2:$J$454,보호소별!$B$2:$B$454,A12) | H12: =D12/C12 | I12: =E12/C12
A13: 경상남도 | B13: =COUNTIF(보호소별!$B$2:$B$454,A13) | C13: =SUMIFS(보호소별!$F$2:$F$454,보호소별!$B$2:$B$454,A13) | D13: =SUMIFS(보호소별!$G$2:$G$454,보호소별!$B$2:$B$454,A13) | E13: =SUMIFS(보호소별!$H$2:$H$454,보호소별!$B$2:$B$454,A13) | F13: =SUMIFS(보호소별!$I$2:$I$454,보호소별!$B$2:$B$454,A13) | G13: =SUMIFS(보호소별!$J$2:$J$454,보호소별!$B$2:$B$454,A13) | H13: =D13/C13 | I13: =E13/C13
... A17: 제주특별자치도 | B17: =COUNTIF(보호소별!$B$2:$B$454,A17) | C17: =SUMIFS(보호소별!$F$2:$F$454,보호소별!$B$2:$B$454,A17) | D17: =SUMIFS(보호소별!$G$2:$G$454,보호소별!$B$2:$B$454,A17) | E17: =SUMIFS(보호소별!$H$2:$H$454,보호소별!$B$2:$B$454,A17) | F17: =SUMIFS(보호소별!$I$2:$I$454,보호소별!$B$2:$B$454,A17) | G17: =SUMIFS(보호소별!$J$2:$J$454,보호소별!$B$2:$B$454,A17) | H17: =D17/C17 | I17: =E17/C17
A18: 전체 | B18: =SUM(B2:B17) | C18: =SUM(C2:C17) | D18: =SUM(D2:D17) | E18: =SUM(E2:E17) | F18: =SUM(F2:F17) | G18: =SUM(G2:G17) | H18: =D18/C18 | I18: =E18/C18

Sheet 설명
A1: 항목 | B1: 내용
A2: 자료 | B2: 국가동물보호정보시스템 구조동물 조회 서비스(공공데이터포털, data.go.kr/data/15098931), 2026-10-19 수집, 개만
A3: 기간 | B3: 발견(접수)일 2021-01-01 ~ 2025-12-31. 2026년 접수분은 보호 중인 개가 많아 제외(연구 분석 기간과 같음)
A4: 보호소 구분 | B4: 보호소 등록번호 기준. 같은 이름이 여러 등록번호에 쓰인 경우가 있어 등록번호를 함께 표시. 이름·관할은 그 등록번호에서 가장 많이 쓰인 값
A5: 입양률 | B5: 입양 ÷ (입양+안락사+자연사+기증). 연구 모델의 정답 정의와 같음. 반환(주인에게 돌아감)·보호중은 분모에서 빼고 참고 열에만 표시
A6: 제외 | B6: 보호가 끝난 개(입양·안락사·자연사·기증)가 한 마리도 없는 등록번호 8곳은 표에서 뺐다
A7: 주의 | B7: 보호 종료 100마리 미만인 보호소는 입양률이 우연에 크게 흔들린다(비고 열 표시). 순위 비교는 100마리 이상만 권장
A8: 주의 | B8: 입양률 차이는 보호소 운영(안락사 시점, 공간, 홍보)과 들어오는 개의 특성(품종, 건강) 차이가 섞인 결과이며, 보호소의 노력만을 뜻하지 않는다
